{
    "loss": 0.22330211102962494,
    "accuracy": 0.9129024744033813
}